sample-id	barcode-sequence	seq-pool	amp-code	amp-number-code	amp-primer-code	sample-code	microbial-community	generation	treatment-group	time-point	replicate	exclusion-info
#q2:types	categorical	categorical	categorical	categorical	categorical	categorical	categorical	categorical	categorical	categorical	categorical	categorical
B-564	GAATGATGAGTG	B	31_806R-117	31	806R-117	C1-G1-NA-TP0-R1	C1	G1	NA	TP0	R1	
B-566	CGTCCGAAATAC	B	32_806R-118	32	806R-118	C2-G1-NA-TP0-R1	C2	G1	NA	TP0	R1	
B-568	GCAGGATAGATA	B	33_806R-119	33	806R-119	C3-G1-NA-TP0-R1	C3	G1	NA	TP0	R1	
B-570	GACTCTTGGCAA	B	34_806R-120	34	806R-120	C4-G1-NA-TP0-R1	C4	G1	NA	TP0	R1	
B-557	TCTTCCGCTACT	B	35_806R-121	35	806R-121	C5-G1-NA-TP0-R1	C5	G1	NA	TP0	R1	
A-365	AGATTACCGGCG	A	36_806R-447	36	806R-447	C1-G1-NA-TP3-R1	C1	G1	NA	TP3	R1	
A-380	AGAAGTCCCTGG	A	37_806R-455	37	806R-455	C2-G1-NA-TP3-R1	C2	G1	NA	TP3	R1	
A-381	CAAGGTTCTTGT	A	38_806R-463	38	806R-463	C3-G1-NA-TP3-R1	C3	G1	NA	TP3	R1	
A-396	AGAGAAATGTCG	A	39_806R-471	39	806R-471	C4-G1-NA-TP3-R1	C4	G1	NA	TP3	R1	
A-397	CTCTGCTAGCCT	A	40_806R-479	40	806R-479	C5-G1-NA-TP3-R1	C5	G1	NA	TP3	R1	
A-316	ACTCGTCGGTAA	A	41_806R-392	41	806R-392	C1-G1-NA-TP6-R1	C1	G1	NA	TP6	R1	
A-317	ACTTCAACTGTG	A	42_806R-400	42	806R-400	C2-G1-NA-TP6-R1	C2	G1	NA	TP6	R1	
A-332	TATTGCTCCTCC	A	43_806R-408	43	806R-408	C3-G1-NA-TP6-R1	C3	G1	NA	TP6	R1	
A-333	ACACATGTCTAC	A	44_806R-416	44	806R-416	C4-G1-NA-TP6-R1	C4	G1	NA	TP6	R1	
A-348	GAGAGCTCTACG	A	45_806R-424	45	806R-424	C5-G1-NA-TP6-R1	C5	G1	NA	TP6	R1	
A-349	ATCAGAACCTCG	A	46_806R-432	46	806R-432	C1-G1-NA-TP12-R1	C1	G1	NA	TP12	R1	
A-366	ACGAGTGCTATC	A	47_806R-440	47	806R-440	C2-G1-NA-TP12-R1	C2	G1	NA	TP12	R1	
A-367	TCAAGGCATCGG	A	48_806R-448	48	806R-448	C3-G1-NA-TP12-R1	C3	G1	NA	TP12	R1	
A-382	CGCAAGGATTGC	A	49_806R-456	49	806R-456	C4-G1-NA-TP12-R1	C4	G1	NA	TP12	R1	
A-383	GCTAAGAGAGTA	A	50_806R-464	50	806R-464	C5-G1-NA-TP12-R1	C5	G1	NA	TP12	R1	
B-530	ACACCCTCCTGT	B	51_806R-599	51	806R-599	C1-G1-NA-TP24-R1	C1	G1	NA	TP24	R1	
B-532	GTTGACGACAGC	B	52_806R-600	52	806R-600	C2-G1-NA-TP24-R1	C2	G1	NA	TP24	R1	
B-519	AATGGCCTCTAT	B	53_806R-601	53	806R-601	C3-G1-NA-TP24-R1	C3	G1	NA	TP24	R1	
B-521	AATCCGTACAGC	B	54_806R-3	54	806R-3	C4-G1-NA-TP24-R1	C4	G1	NA	TP24	R1	
B-523	GTACATACCGGT	B	55_806R-11	55	806R-11	C5-G1-NA-TP24-R1	C5	G1	NA	TP24	R1	
B-540	GAAGAAGCGGTA	B	56_806R-97	56	806R-97	C1-G2-T1-TP0-R1	C1	G2	T1	TP0	R1	
B-542	TGTTATCGCACA	B	57_806R-98	57	806R-98	C1-G2-T2-TP0-R1	C1	G2	T2	TP0	R1	
B-544	TCGTCGATAATC	B	58_806R-99	58	806R-99	C1-G2-T3-TP0-R1	C1	G2	T3	TP0	R1	
B-546	ATTGGGCTAGGC	B	59_806R-100	59	806R-100	C1-G2-T4-TP0-R1	C1	G2	T4	TP0	R1	
B-548	ACCACATACATC	B	60_806R-101	60	806R-101	C2-G2-T1-TP0-R1	C2	G2	T1	TP0	R1	
B-550	AACACAAGGAGT	B	61_806R-102	61	806R-102	C2-G2-T2-TP0-R1	C2	G2	T2	TP0	R1	
B-552	AATGTCCGTGAC	B	62_806R-103	62	806R-103	C2-G2-T3-TP0-R1	C2	G2	T3	TP0	R1	
B-554	TACTTCGCTCGC	B	63_806R-104	63	806R-104	C2-G2-T4-TP0-R1	C2	G2	T4	TP0	R1	
B-541	GCTTCGGTAGAT	B	64_806R-105	64	806R-105	C3-G2-T1-TP0-R1	C3	G2	T1	TP0	R1	
B-543	CTTACACCAAGT	B	65_806R-106	65	806R-106	C3-G2-T2-TP0-R1	C3	G2	T2	TP0	R1	
B-545	TGACCTCCAAGA	B	66_806R-107	66	806R-107	C3-G2-T3-TP0-R1	C3	G2	T3	TP0	R1	
B-547	ACAAGGAGGTGA	B	67_806R-108	67	806R-108	C3-G2-T4-TP0-R1	C3	G2	T4	TP0	R1	
B-549	TATCAGGTGTGC	B	68_806R-109	68	806R-109	C4-G2-T1-TP0-R1	C4	G2	T1	TP0	R1	
B-551	TGTAATTGTCGC	B	69_806R-110	69	806R-110	C4-G2-T2-TP0-R1	C4	G2	T2	TP0	R1	
B-553	AATGGAGCATGA	B	70_806R-111	70	806R-111	C4-G2-T3-TP0-R1	C4	G2	T3	TP0	R1	
B-555	AGCTTGACAGCT	B	71_806R-112	71	806R-112	C4-G2-T4-TP0-R1	C4	G2	T4	TP0	R1	
B-556	TCTGTTGCTCTC	B	72_806R-113	72	806R-113	C5-G2-T1-TP0-R1	C5	G2	T1	TP0	R1	
B-558	AGTTCCCGAGTA	B	73_806R-114	73	806R-114	C5-G2-T2-TP0-R1	C5	G2	T2	TP0	R1	
B-560	AGCCTAAGCACG	B	74_806R-115	74	806R-115	C5-G2-T3-TP0-R1	C5	G2	T3	TP0	R1	
B-562	ATACCTTCGGTA	B	75_806R-116	75	806R-116	C5-G2-T4-TP0-R1	C5	G2	T4	TP0	R1	
B-405	CGGATTGGTGAC	B	76_806R-490	76	806R-490	C1-G2-T1-TP3-R1	C1	G2	T1	TP3	R1	
B-420	TACAAACCCTGT	B	77_806R-498	77	806R-498	C1-G2-T2-TP3-R1	C1	G2	T2	TP3	R1	
B-421	CCTATGTGATGG	B	78_806R-506	78	806R-506	C1-G2-T3-TP3-R1	C1	G2	T3	TP3	R1	
B-436	TTGCCACTAGAT	B	79_806R-514	79	806R-514	C1-G2-T4-TP3-R1	C1	G2	T4	TP3	R1	
B-669	GGTCACTGACAG	B	79_806R-184	79	806R-184	C1-G2-T4-TP3-R1	C1	G2	T4	TP3	R1	
B-502	GACAAGGCTCCA	B	80_806R-577	80	806R-577	C2-G2-T1-TP3-R1	C2	G2	T1	TP3	R1	
B-680	ACACTAGATCCG	B	80_806R-191	80	806R-191	C2-G2-T1-TP3-R1	C2	G2	T1	TP3	R1	
B-504	GCTTACATCGAG	B	81_806R-578	81	806R-578	C2-G2-T2-TP3-R1	C2	G2	T2	TP3	R1	
B-506	ACTGTCGAAGCT	B	82_806R-579	82	806R-579	C2-G2-T3-TP3-R1	C2	G2	T3	TP3	R1	
B-508	CTTGATGCGTAT	B	83_806R-580	83	806R-580	C2-G2-T4-TP3-R1	C2	G2	T4	TP3	R1	
B-510	TGACGGACATCT	B	84_806R-581	84	806R-581	C3-G2-T1-TP3-R1	C3	G2	T1	TP3	R1	
B-512	TTCAACAGGTGC	B	85_806R-582	85	806R-582	C3-G2-T2-TP3-R1	C3	G2	T2	TP3	R1	
B-514	AGTTTCTCTAGG	B	86_806R-583	86	806R-583	C3-G2-T3-TP3-R1	C3	G2	T3	TP3	R1	
B-404	AGTTCTACGTCA	B	87_806R-482	87	806R-482	C3-G2-T4-TP3-R1	C3	G2	T4	TP3	R1	
B-410	TCGGTTGGTACA	B	88_806R-485	88	806R-485	C4-G2-T1-TP3-R1	C4	G2	T1	TP3	R1	
B-411	CTGGGTACCATA	B	89_806R-493	89	806R-493	C4-G2-T2-TP3-R1	C4	G2	T2	TP3	R1	
B-659	AGCAAACACCCG	B	89_806R-179	89	806R-179	C4-G2-T2-TP3-R1	C4	G2	T2	TP3	R1	
B-426	GCCTTAAGCGAT	B	90_806R-501	90	806R-501	C4-G2-T3-TP3-R1	C4	G2	T3	TP3	R1	
B-427	TATTACCGGCAT	B	91_806R-509	91	806R-509	C4-G2-T4-TP3-R1	C4	G2	T4	TP3	R1	
B-667	TAATCCACAGCG	B	91_806R-183	91	806R-183	C4-G2-T4-TP3-R1	C4	G2	T4	TP3	R1	
B-408	CTCCCATACCAC	B	92_806R-484	92	806R-484	C5-G2-T1-TP3-R1	C5	G2	T1	TP3	R1	
B-655	TGGCACCGATTA	B	92_806R-177	92	806R-177	C5-G2-T1-TP3-R1	C5	G2	T1	TP3	R1	
B-409	ATCTGCCTGGAA	B	93_806R-492	93	806R-492	C5-G2-T2-TP3-R1	C5	G2	T2	TP3	R1	
B-657	CTACCGGATCAA	B	93_806R-178	93	806R-178	C5-G2-T2-TP3-R1	C5	G2	T2	TP3	R1	
B-424	GCCATAGGTTTG	B	94_806R-500	94	806R-500	C5-G2-T3-TP3-R1	C5	G2	T3	TP3	R1	
B-663	GATTGGTTGCAC	B	94_806R-181	94	806R-181	C5-G2-T3-TP3-R1	C5	G2	T3	TP3	R1	
B-425	TGTCATAGGTTC	B	95_806R-508	95	806R-508	C5-G2-T4-TP3-R1	C5	G2	T4	TP3	R1	
B-665	TCAAGCTCAAGC	B	95_806R-182	95	806R-182	C5-G2-T4-TP3-R1	C5	G2	T4	TP3	R1	
B-440	CGATGTCGTCAA	B	96_806R-516	96	806R-516	C1-G2-T1-TP6-R1	C1	G2	T1	TP6	R1	
B-441	ATGCACTGGCGA	B	97_806R-524	97	806R-524	C1-G2-T2-TP6-R1	C1	G2	T2	TP6	R1	
B-458	TGGCTCTACAGA	B	98_806R-532	98	806R-532	C1-G2-T3-TP6-R1	C1	G2	T3	TP6	R1	
B-459	GGTAATCCTGTG	B	99_806R-540	99	806R-540	C1-G2-T4-TP6-R1	C1	G2	T4	TP6	R1	
B-474	ACGTTAGCACAC	B	100_806R-548	100	806R-548	C2-G2-T1-TP6-R1	C2	G2	T1	TP6	R1	
B-475	CTGCATAGATCT	B	101_806R-556	101	806R-556	C2-G2-T2-TP6-R1	C2	G2	T2	TP6	R1	
B-490	CTCAGTATGCAG	B	102_806R-564	102	806R-564	C2-G2-T3-TP6-R1	C2	G2	T3	TP6	R1	
B-491	GCGCTAAAGTTC	B	103_806R-572	103	806R-572	C2-G2-T4-TP6-R1	C2	G2	T4	TP6	R1	
B-503	CAACCTTTACAG	B	104_806R-585	104	806R-585	C3-G2-T1-TP6-R1	C3	G2	T1	TP6	R1	
B-505	CTCAATGACTCA	B	105_806R-586	105	806R-586	C3-G2-T2-TP6-R1	C3	G2	T2	TP6	R1	
B-507	TGAACTGCCGTA	B	106_806R-587	106	806R-587	C3-G2-T3-TP6-R1	C3	G2	T3	TP6	R1	
B-509	ACTCTTCTAGAG	B	107_806R-588	107	806R-588	C3-G2-T4-TP6-R1	C3	G2	T4	TP6	R1	
B-511	AGCGACTGTGCA	B	108_806R-589	108	806R-589	C4-G2-T1-TP6-R1	C4	G2	T1	TP6	R1	
B-513	AGGATCCGCATG	B	109_806R-590	109	806R-590	C4-G2-T2-TP6-R1	C4	G2	T2	TP6	R1	
B-515	TTCTACGGAGCA	B	110_806R-591	110	806R-591	C4-G2-T3-TP6-R1	C4	G2	T3	TP6	R1	
B-517	GTGTACCTATCA	B	111_806R-592	111	806R-592	C4-G2-T4-TP6-R1	C4	G2	T4	TP6	R1	
B-518	TCGATGAACTCG	B	112_806R-593	112	806R-593	C5-G2-T1-TP6-R1	C5	G2	T1	TP6	R1	
B-520	GACAATCTGCTT	B	113_806R-594	113	806R-594	C5-G2-T2-TP6-R1	C5	G2	T2	TP6	R1	
B-522	CCTACGCCTCTA	B	114_806R-595	114	806R-595	C5-G2-T3-TP6-R1	C5	G2	T3	TP6	R1	
B-524	TAACGGCGCTGA	B	115_806R-596	115	806R-596	C5-G2-T4-TP6-R1	C5	G2	T4	TP6	R1	
B-662	TATGCACCAGTG	B	115_806R-173	115	806R-173	C5-G2-T4-TP6-R1	C5	G2	T4	TP6	R1	
A-302	ACCGATAATTCC	A	116_806R-385	116	806R-385	C1-G2-T1-TP12-R1	C1	G2	T1	TP12	R1	
A-303	CTACATCTAAGC	A	117_806R-393	117	806R-393	C1-G2-T2-TP12-R1	C1	G2	T2	TP12	R1	
A-318	CAGTGATCCTAG	A	118_806R-401	118	806R-401	C1-G2-T3-TP12-R1	C1	G2	T3	TP12	R1	
A-319	GTCTTCGTCGCT	A	119_806R-409	119	806R-409	C1-G2-T4-TP12-R1	C1	G2	T4	TP12	R1	
A-334	CGCGTAACTGTA	A	120_806R-417	120	806R-417	C2-G2-T1-TP12-R1	C2	G2	T1	TP12	R1	
A-335	AGCTCTCAGAGG	A	121_806R-425	121	806R-425	C2-G2-T2-TP12-R1	C2	G2	T2	TP12	R1	
A-352	TCCACAGGAGTT	A	122_806R-433	122	806R-433	C2-G2-T3-TP12-R1	C2	G2	T3	TP12	R1	
A-353	AAGTTCGCGCTA	A	123_806R-441	123	806R-441	C2-G2-T4-TP12-R1	C2	G2	T4	TP12	R1	
A-368	TTCGTGCCTGCT	A	124_806R-449	124	806R-449	C3-G2-T1-TP12-R1	C3	G2	T1	TP12	R1	
A-369	GAAGGAAGCAGG	A	125_806R-457	125	806R-457	C3-G2-T2-TP12-R1	C3	G2	T2	TP12	R1	
A-384	GCGCGAACAGTT	A	126_806R-465	126	806R-465	C3-G2-T3-TP12-R1	C3	G2	T3	TP12	R1	
A-385	ACGCAACTGCTA	A	127_806R-473	127	806R-473	C3-G2-T4-TP12-R1	C3	G2	T4	TP12	R1	
A-304	CTATGCTTGATG	A	128_806R-386	128	806R-386	C4-G2-T1-TP12-R1	C4	G2	T1	TP12	R1	
A-305	CCGCTACGTCTT	A	129_806R-394	129	806R-394	C4-G2-T2-TP12-R1	C4	G2	T2	TP12	R1	
A-320	ATTTGGGTCATC	A	130_806R-402	130	806R-402	C4-G2-T3-TP12-R1	C4	G2	T3	TP12	R1	
A-321	GAGTTAGGGAAG	A	131_806R-410	131	806R-410	C4-G2-T4-TP12-R1	C4	G2	T4	TP12	R1	
A-336	TACTAGGGCTTG	A	132_806R-418	132	806R-418	C5-G2-T1-TP12-R1	C5	G2	T1	TP12	R1	
A-337	ACTGCATCGAGG	A	133_806R-426	133	806R-426	C5-G2-T2-TP12-R1	C5	G2	T2	TP12	R1	
B-526	GGAGTCGGTCTA	B	134_806R-597	134	806R-597	C5-G2-T3-TP12-R1	C5	G2	T3	TP12	R1	
A-528	GACAGCGTTGAC	A	135_806R-598	135	806R-598	C5-G2-T4-TP12-R1	C5	G2	T4	TP12	R1	
B-664	AGAGCCTACGTT	B	135_806R-174	135	806R-174	C5-G2-T4-TP12-R1	C5	G2	T4	TP12	R1	
A-2	GGAGACAAGGGA	A	136_806R-1	136	806R-1	C1-G2-T1-TP24-R1	C1	G2	T1	TP24	R1	
A-3	GAACCAAAGGAT	A	137_806R-9	137	806R-9	C1-G2-T2-TP24-R1	C1	G2	T2	TP24	R1	
A-18	TACACGATCTAC	A	138_806R-17	138	806R-17	C1-G2-T3-TP24-R1	C1	G2	T3	TP24	R1	
A-19	GCGATATATCGC	A	139_806R-25	139	806R-25	C1-G2-T4-TP24-R1	C1	G2	T4	TP24	R1	
A-34	CAGTGCATATGC	A	140_806R-33	140	806R-33	C2-G2-T1-TP24-R1	C2	G2	T1	TP24	R1	
B-525	TCCGACACAATT	B	141_806R-12	141	806R-12	C2-G2-T2-TP24-R1	C2	G2	T2	TP24	R1	
A-35	GCTCGAAGATCG	A	142_806R-192	142	806R-192	C2-G2-T3-TP24-R1	C2	G2	T3	TP24	R1	
A-53	AGTAGAGGGATG	A	143_806R-57	143	806R-57	C2-G2-T4-TP24-R1	C2	G2	T4	TP24	R1	
A-68	GAGTGGTAGAGA	A	144_806R-65	144	806R-65	C3-G2-T1-TP24-R1	C3	G2	T1	TP24	R1	
A-69	GAACTAGTCACC	A	145_806R-73	145	806R-73	C3-G2-T2-TP24-R1	C3	G2	T2	TP24	R1	
A-84	TTGCGCATACTA	A	146_806R-81	146	806R-81	C3-G2-T3-TP24-R1	C3	G2	T3	TP24	R1	
A-85	CACGGTTGTGAG	A	147_806R-89	147	806R-89	C3-G2-T4-TP24-R1	C3	G2	T4	TP24	R1	
A-4	AATCAGTCTCGT	A	148_806R-2	148	806R-2	C4-G2-T1-TP24-R1	C4	G2	T1	TP24	R1	
A-5	GTATGCGCTGTA	A	149_806R-10	149	806R-10	C4-G2-T2-TP24-R1	C4	G2	T2	TP24	R1	
A-20	GCACACACGTTA	A	150_806R-18	150	806R-18	C4-G2-T3-TP24-R1	C4	G2	T3	TP24	R1	
A-21	TAGGATTGCTCG	A	151_806R-26	151	806R-26	C4-G2-T4-TP24-R1	C4	G2	T4	TP24	R1	
A-36	TCACGGGAGTTG	A	152_806R-34	152	806R-34	C5-G2-T1-TP24-R1	C5	G2	T1	TP24	R1	
A-54	TAGGAACTGGCC	A	153_806R-50	153	806R-50	C5-G2-T2-TP24-R1	C5	G2	T2	TP24	R1	
A-37	TACAGATGGCTC	A	154_806R-42	154	806R-42	C5-G2-T3-TP24-R1	C5	G2	T3	TP24	R1	
A-55	CGCAGCGGTATA	A	155_806R-58	155	806R-58	C5-G2-T4-TP24-R1	C5	G2	T4	TP24	R1	
A-536	TTACTGTGCGAT	A	175_806R-6	175	806R-6	C5-G3-T4-TP0-R1	C5	G3	T4	TP0	R1	
B-267	GCTGGGTCATAT	B	175_806R-352	175	806R-352	C5-G3-T4-TP0-R1	C5	G3	T4	TP0	R1	
B-666	CGGACTACAACT	B	175_806R-175	175	806R-175	C5-G3-T4-TP0-R1	C5	G3	T4	TP0	R1	
B-265	AATTAGGCAGAG	B	176_806R-351	176	806R-351	C1-G3-T1-TP3-R1	C1	G3	T1	TP3	R1	
B-280	GCACTTTACCAA	B	177_806R-359	177	806R-359	C1-G3-T2-TP3-R1	C1	G3	T2	TP3	R1	
B-281	ATACACGTGGCG	B	178_806R-367	178	806R-367	C1-G3-T3-TP3-R1	C1	G3	T3	TP3	R1	
B-296	TAGACTGTACTC	B	179_806R-375	179	806R-375	C1-G3-T4-TP3-R1	C1	G3	T4	TP3	R1	
B-297	GAGTTGTCACGG	B	188_806R-383	188	806R-383	C4-G3-T1-TP3-R1	C4	G3	T1	TP3	R1	
A-216	CACGTCGATGGA	A	189_806R-296	189	806R-296	C4-G3-T2-TP3-R1	C4	G3	T2	TP3	R1	
A-217	GACGAGTCAGTC	A	190_806R-304	190	806R-304	C4-G3-T3-TP3-R1	C4	G3	T3	TP3	R1	
B-232	AGGCTTTCGTAG	B	191_806R-312	191	806R-312	C4-G3-T4-TP3-R1	C4	G3	T4	TP3	R1	
B-233	TGCGCTTGGATA	B	192_806R-320	192	806R-320	C5-G3-T1-TP3-R1	C5	G3	T1	TP3	R1	
B-248	ACATAACGCCGT	B	193_806R-328	193	806R-328	C5-G3-T2-TP3-R1	C5	G3	T2	TP3	R1	
B-249	ACATCCGCGAAG	B	194_806R-336	194	806R-336	C5-G3-T3-TP3-R1	C5	G3	T3	TP3	R1	
B-266	GACCCAATGTGG	B	195_806R-344	195	806R-344	C5-G3-T4-TP3-R1	C5	G3	T4	TP3	R1	
B-221	CGATAACATGCC	B	196_806R-314	196	806R-314	C1-G3-T1-TP6-R1	C1	G3	T1	TP6	R1	
B-236	TGTACACGGCGA	B	197_806R-322	197	806R-322	C1-G3-T2-TP6-R1	C1	G3	T2	TP6	R1	
B-237	AATACCGCTTTG	B	198_806R-330	198	806R-330	C1-G3-T3-TP6-R1	C1	G3	T3	TP6	R1	
B-254	CATGGCTACACA	B	199_806R-338	199	806R-338	C1-G3-T4-TP6-R1	C1	G3	T4	TP6	R1	
B-255	TGTGTGTGACTT	B	200_806R-346	200	806R-346	C2-G3-T1-TP6-R1	C2	G3	T1	TP6	R1	
B-270	GACTCACTCAAT	B	201_806R-354	201	806R-354	C2-G3-T2-TP6-R1	C2	G3	T2	TP6	R1	
B-271	ACGGCCAATCGA	B	202_806R-362	202	806R-362	C2-G3-T3-TP6-R1	C2	G3	T3	TP6	R1	
B-286	TAATGGAGGAAC	B	203_806R-370	203	806R-370	C2-G3-T4-TP6-R1	C2	G3	T4	TP6	R1	
B-287	ACGTGCCGTAGA	B	204_806R-378	204	806R-378	C3-G3-T1-TP6-R1	C3	G3	T1	TP6	R1	
A-206	TACGGTATGTCT	A	205_806R-291	205	806R-291	C3-G3-T2-TP6-R1	C3	G3	T2	TP6	R1	
A-207	AACGCCGAATGC	A	206_806R-299	206	806R-299	C3-G3-T3-TP6-R1	C3	G3	T3	TP6	R1	
B-222	ACGTAAATCGCC	B	207_806R-307	207	806R-307	C3-G3-T4-TP6-R1	C3	G3	T4	TP6	R1	
B-223	CCTACTGTGCCT	B	208_806R-315	208	806R-315	C4-G3-T1-TP6-R1	C4	G3	T1	TP6	R1	
B-238	CATATCGCAGTT	B	209_806R-323	209	806R-323	C4-G3-T2-TP6-R1	C4	G3	T2	TP6	R1	
B-239	TACGTAGTTTCG	B	210_806R-331	210	806R-331	C4-G3-T3-TP6-R1	C4	G3	T3	TP6	R1	
B-256	TTCAGCGCCCTT	B	211_806R-339	211	806R-339	C4-G3-T4-TP6-R1	C4	G3	T4	TP6	R1	
B-257	TCGAATCACAGC	B	212_806R-347	212	806R-347	C5-G3-T1-TP6-R1	C5	G3	T1	TP6	R1	
B-272	TCCGTACCATAA	B	213_806R-355	213	806R-355	C5-G3-T2-TP6-R1	C5	G3	T2	TP6	R1	
B-273	GTCCAGTAATGC	B	214_806R-363	214	806R-363	C5-G3-T3-TP6-R1	C5	G3	T3	TP6	R1	
B-288	GAAAGGACAGGT	B	215_806R-371	215	806R-371	C5-G3-T4-TP6-R1	C5	G3	T4	TP6	R1	
A-157	CTCGAGAGTACG	A	216_806R-155	216	806R-155	C1-G3-T1-TP12-R1	C1	G3	T1	TP12	R1	
A-172	CTAGATTTGCCA	A	217_806R-163	217	806R-163	C1-G3-T2-TP12-R1	C1	G3	T2	TP12	R1	
A-173	TACTAATCTGCG	A	218_806R-171	218	806R-171	C1-G3-T3-TP12-R1	C1	G3	T3	TP12	R1	
B-188	AAGATGGATCAG	B	219_806R-187	219	806R-187	C1-G3-T4-TP12-R1	C1	G3	T4	TP12	R1	
A-189	AGCAAACACCCG	A	220_806R-179	220	806R-179	C2-G3-T1-TP12-R1	C2	G3	T1	TP12	R1	
A-108	ATTGGGCTAGGC	A	221_806R-100	221	806R-100	C2-G3-T2-TP12-R1	C2	G3	T2	TP12	R1	
A-109	ACAAGGAGGTGA	A	222_806R-108	222	806R-108	C2-G3-T3-TP12-R1	C2	G3	T3	TP12	R1	
A-124	ATACCTTCGGTA	A	223_806R-116	223	806R-116	C2-G3-T4-TP12-R1	C2	G3	T4	TP12	R1	
A-125	GTCTACACACAT	A	224_806R-124	224	806R-124	C3-G3-T1-TP12-R1	C3	G3	T1	TP12	R1	
A-140	CCTAGTACTGAT	A	225_806R-132	225	806R-132	C3-G3-T2-TP12-R1	C3	G3	T2	TP12	R1	
A-141	TAGCGGATCACG	A	226_806R-140	226	806R-140	C3-G3-T3-TP12-R1	C3	G3	T3	TP12	R1	
A-158	TCGGAGTGTTGT	A	227_806R-148	227	806R-148	C3-G3-T4-TP12-R1	C3	G3	T4	TP12	R1	
A-159	AACGAGAACTGA	A	228_806R-156	228	806R-156	C4-G3-T1-TP12-R1	C4	G3	T1	TP12	R1	
A-174	TAAGGTAAGGTG	A	229_806R-164	229	806R-164	C4-G3-T2-TP12-R1	C4	G3	T2	TP12	R1	
A-175	ATGTGGGACCCA	A	230_806R-172	230	806R-172	C4-G3-T3-TP12-R1	C4	G3	T3	TP12	R1	
B-175	ATGTGGGACCCA	B	230_806R-172	230	806R-172	C4-G3-T3-TP12-R1X	C4	G3	T3	TP12	R1	X
B-190	AGCCGGCACATA	B	231_806R-188	231	806R-188	C4-G3-T4-TP12-R1	C4	G3	T4	TP12	R1	
A-191	AACCGCGGTCAA	A	232_806R-180	232	806R-180	C5-G3-T1-TP12-R1	C5	G3	T1	TP12	R1	
A-110	ACCACATACATC	A	233_806R-101	233	806R-101	C5-G3-T2-TP12-R1	C5	G3	T2	TP12	R1	
A-111	TATCAGGTGTGC	A	234_806R-109	234	806R-109	C5-G3-T3-TP12-R1	C5	G3	T3	TP12	R1	
A-126	GAATGATGAGTG	A	235_806R-117	235	806R-117	C5-G3-T4-TP12-R1	C5	G3	T4	TP12	R1	
A-70	GAAGTTGGAAGT	A	236_806R-66	236	806R-66	C1-G3-T1-TP24-R1	C1	G3	T1	TP24	R1	
A-71	GACGGAACCCAT	A	237_806R-74	237	806R-74	C1-G3-T2-TP24-R1	C1	G3	T2	TP24	R1	
A-86	ACATTCAGCGCA	A	238_806R-82	238	806R-82	C1-G3-T3-TP24-R1	C1	G3	T3	TP24	R1	
A-87	GAGGAATAGCAG	A	239_806R-90	239	806R-90	C1-G3-T4-TP24-R1	C1	G3	T4	TP24	R1	
B-87	GAGGAATAGCAG	B	239_806R-90	239	806R-90	C1-G3-T4-TP24-R1	C1	G3	T4	TP24	R1	
A-6	AATCCGTACAGC	A	240_806R-3	240	806R-3	C2-G3-T1-TP24-R1	C2	G3	T1	TP24	R1	
A-7	GTACATACCGGT	A	241_806R-11	241	806R-11	C2-G3-T2-TP24-R1	C2	G3	T2	TP24	R1	
A-22	CACGCCATAATG	A	242_806R-19	242	806R-19	C2-G3-T3-TP24-R1	C2	G3	T3	TP24	R1	
A-23	ATGTGCACGACT	A	243_806R-27	243	806R-27	C2-G3-T4-TP24-R1	C2	G3	T4	TP24	R1	
A-38	CTGCTAACGCAA	A	244_806R-35	244	806R-35	C3-G3-T1-TP24-R1	C3	G3	T1	TP24	R1	
A-56	CTAGCGAACATC	A	245_806R-51	245	806R-51	C3-G3-T2-TP24-R1	C3	G3	T2	TP24	R1	
A-39	ACGTGTACCCAA	A	246_806R-43	246	806R-43	C3-G3-T3-TP24-R1	C3	G3	T3	TP24	R1	
A-57	AATGCCTCAACT	A	247_806R-59	247	806R-59	C3-G3-T4-TP24-R1	C3	G3	T4	TP24	R1	
A-72	TTCCTAGGTGAG	A	248_806R-67	248	806R-67	C4-G3-T1-TP24-R1	C4	G3	T1	TP24	R1	
A-73	CAAGCATGCCTA	A	249_806R-75	249	806R-75	C4-G3-T2-TP24-R1	C4	G3	T2	TP24	R1	
A-88	ACTGACAGCCAT	A	250_806R-83	250	806R-83	C4-G3-T3-TP24-R1	C4	G3	T3	TP24	R1	
A-89	CAGCGGTGACAT	A	251_806R-91	251	806R-91	C4-G3-T4-TP24-R1	C4	G3	T4	TP24	R1	
B-527	CCAGTGTATGCA	B	252_806R-13	252	806R-13	C5-G3-T1-TP24-R1	C5	G3	T1	TP24	R1	
A-9	TCCGACACAATT	A	253_806R-12	253	806R-12	C5-G3-T2-TP24-R1	C5	G3	T2	TP24	R1	
A-24	CAGGCGTATTGG	A	254_806R-20	254	806R-20	C5-G3-T3-TP24-R1	C5	G3	T3	TP24	R1	
A-25	ACGCGCAGATAC	A	255_806R-28	255	806R-28	C5-G3-T4-TP24-R1	C5	G3	T4	TP24	R1	
B-559	GTACCTAATTGC	B	286_806R-122	286	806R-122	C1-G1-NA-TP0-R2	C1	G1	NA	TP0	R2	
B-561	ACTCACGGTATG	B	287_806R-123	287	806R-123	C2-G1-NA-TP0-R2	C2	G1	NA	TP0	R2	
B-563	GTCTACACACAT	B	288_806R-124	288	806R-124	C3-G1-NA-TP0-R2	C3	G1	NA	TP0	R2	
B-565	ATACTTCGCAGG	B	289_806R-125	289	806R-125	C4-G1-NA-TP0-R2	C4	G1	NA	TP0	R2	
B-567	ATGTCGAGAGAA	B	290_806R-126	290	806R-126	C5-G1-NA-TP0-R2	C5	G1	NA	TP0	R2	
B-516	GTCAAGAACCTC	B	291_806R-584	291	806R-584	C1-G1-NA-TP3-R2	C1	G1	NA	TP3	R2	
A-398	TAGTTAACGTCC	A	292_806R-472	292	806R-472	C2-G1-NA-TP3-R2	C2	G1	NA	TP3	R2	
A-399	GTTCGGAGTGAC	A	293_806R-480	293	806R-480	C3-G1-NA-TP3-R2	C3	G1	NA	TP3	R2	
B-402	CAGATTTCGGTG	B	294_806R-481	294	806R-481	C4-G1-NA-TP3-R2	C4	G1	NA	TP3	R2	
B-403	ATGACCATCGTG	B	295_806R-489	295	806R-489	C5-G1-NA-TP3-R2	C5	G1	NA	TP3	R2	
B-418	CAGCAAAGCGTC	B	296_806R-497	296	806R-497	C1-G1-NA-TP6-R2	C1	G1	NA	TP6	R2	
B-419	GGAGACAAGGGA	B	297_806R-1	297	806R-1	C2-G1-NA-TP6-R2	C2	G1	NA	TP6	R2	
B-434	ATGGCAGCTCTA	B	298_806R-513	298	806R-513	C3-G1-NA-TP6-R2	C3	G1	NA	TP6	R2	
B-435	TTCACGGGTTGA	B	299_806R-521	299	806R-521	C4-G1-NA-TP6-R2	C4	G1	NA	TP6	R2	
B-452	ATGACTCATTCG	B	300_806R-529	300	806R-529	C5-G1-NA-TP6-R2	C5	G1	NA	TP6	R2	
B-453	CCTTTCTTCTCA	B	301_806R-537	301	806R-537	C1-G1-NA-TP12-R2	C1	G1	NA	TP12	R2	
B-468	CCTTATAGGCGA	B	302_806R-545	302	806R-545	C2-G1-NA-TP12-R2	C2	G1	NA	TP12	R2	
B-469	CCTGTATCCCGT	B	303_806R-553	303	806R-553	C3-G1-NA-TP12-R2	C3	G1	NA	TP12	R2	
B-484	TCTCACTAGGTA	B	304_806R-561	304	806R-561	C4-G1-NA-TP12-R2	C4	G1	NA	TP12	R2	
B-485	GCAATAGCTGCT	B	305_806R-569	305	806R-569	C5-G1-NA-TP12-R2	C5	G1	NA	TP12	R2	
A-40	TTAGGGCTCGTA	A	306_806R-36	306	806R-36	C1-G1-NA-TP24-R2	C1	G1	NA	TP24	R2	
A-58	GACAGGAGATAG	A	307_806R-52	307	806R-52	C2-G1-NA-TP24-R2	C2	G1	NA	TP24	R2	
A-41	AAGGAGCGCCTT	A	308_806R-44	308	806R-44	C3-G1-NA-TP24-R2	C3	G1	NA	TP24	R2	
A-59	GGTGTCTATTGT	A	309_806R-60	309	806R-60	C4-G1-NA-TP24-R2	C4	G1	NA	TP24	R2	
A-74	GCACGACAACAC	A	310_806R-68	310	806R-68	C5-G1-NA-TP24-R2	C5	G1	NA	TP24	R2	
B-572	ACGGCATGGCAT	B	311_806R-129	311	806R-129	C1-G2-T1-TP0-R2	C1	G2	T1	TP0	R2	
B-574	CGTGACAATGTC	B	312_806R-130	312	806R-130	C1-G2-T2-TP0-R2	C1	G2	T2	TP0	R2	
B-576	ATGGTTGTTGGC	B	313_806R-131	313	806R-131	C1-G2-T3-TP0-R2	C1	G2	T3	TP0	R2	
B-578	CCTAGTACTGAT	B	314_806R-132	314	806R-132	C1-G2-T4-TP0-R2	C1	G2	T4	TP0	R2	
B-580	ATCGCTCGAGGA	B	315_806R-133	315	806R-133	C2-G2-T1-TP0-R2	C2	G2	T1	TP0	R2	
B-582	TAACGCTTGGGT	B	316_806R-134	316	806R-134	C2-G2-T2-TP0-R2	C2	G2	T2	TP0	R2	
B-584	AATCTTGCTGCA	B	317_806R-135	317	806R-135	C2-G2-T3-TP0-R2	C2	G2	T3	TP0	R2	
B-586	TGCAATGTTGCT	B	318_806R-136	318	806R-136	C2-G2-T4-TP0-R2	C2	G2	T4	TP0	R2	
B-573	TAACACCACATC	B	319_806R-137	319	806R-137	C3-G2-T1-TP0-R2	C3	G2	T1	TP0	R2	
B-575	GACACATTTCTG	B	320_806R-138	320	806R-138	C3-G2-T2-TP0-R2	C3	G2	T2	TP0	R2	
B-577	CTCTACCTCTAC	B	321_806R-139	321	806R-139	C3-G2-T3-TP0-R2	C3	G2	T3	TP0	R2	
B-579	TAGCGGATCACG	B	322_806R-140	322	806R-140	C3-G2-T4-TP0-R2	C3	G2	T4	TP0	R2	
B-581	CGCCAAATAACC	B	323_806R-141	323	806R-141	C4-G2-T1-TP0-R2	C4	G2	T1	TP0	R2	
B-583	GTATTACGATCC	B	324_806R-142	324	806R-142	C4-G2-T2-TP0-R2	C4	G2	T2	TP0	R2	
B-585	TTGATGCTATGC	B	325_806R-143	325	806R-143	C4-G2-T3-TP0-R2	C4	G2	T3	TP0	R2	
B-587	CACATCTAACAC	B	326_806R-144	326	806R-144	C4-G2-T4-TP0-R2	C4	G2	T4	TP0	R2	
B-590	GCATGGCTCTAA	B	327_806R-145	327	806R-145	C5-G2-T1-TP0-R2	C5	G2	T1	TP0	R2	
B-592	CCATAGGGTTCA	B	328_806R-146	328	806R-146	C5-G2-T2-TP0-R2	C5	G2	T2	TP0	R2	
B-594	TGGCAAGACTCT	B	329_806R-147	329	806R-147	C5-G2-T3-TP0-R2	C5	G2	T3	TP0	R2	
B-596	TCGGAGTGTTGT	B	330_806R-148	330	806R-148	C5-G2-T4-TP0-R2	C5	G2	T4	TP0	R2	
A-370	TAGTGCTGCGTA	A	331_806R-450	331	806R-450	C1-G2-T1-TP3-R2	C1	G2	T1	TP3	R2	
A-371	CCTTGTGCCTTG	A	332_806R-458	332	806R-458	C1-G2-T2-TP3-R2	C1	G2	T2	TP3	R2	
A-386	GTAGATGCTTCG	A	333_806R-466	333	806R-466	C1-G2-T3-TP3-R2	C1	G2	T3	TP3	R2	
A-387	TCCAATAGCGTG	A	334_806R-474	334	806R-474	C1-G2-T4-TP3-R2	C1	G2	T4	TP3	R2	
A-306	GTCAACGCGATG	A	335_806R-387	335	806R-387	C2-G2-T1-TP3-R2	C2	G2	T1	TP3	R2	
A-307	GGTGTAAGGTAA	A	336_806R-395	336	806R-395	C2-G2-T2-TP3-R2	C2	G2	T2	TP3	R2	
A-322	TCCTACTCCGGT	A	337_806R-403	337	806R-403	C2-G2-T3-TP3-R2	C2	G2	T3	TP3	R2	
A-323	GCCGTTCTTCCA	A	338_806R-411	338	806R-411	C2-G2-T4-TP3-R2	C2	G2	T4	TP3	R2	
A-338	GATCCGACACTA	A	339_806R-419	339	806R-419	C3-G2-T1-TP3-R2	C3	G2	T1	TP3	R2	
A-339	TGAATAGTCCGC	A	340_806R-427	340	806R-427	C3-G2-T2-TP3-R2	C3	G2	T2	TP3	R2	
A-356	TCGACGGTGCAA	A	341_806R-435	341	806R-435	C3-G2-T3-TP3-R2	C3	G2	T3	TP3	R2	
A-357	CTTGACTGAGGT	A	342_806R-443	342	806R-443	C3-G2-T4-TP3-R2	C3	G2	T4	TP3	R2	
A-372	CAGCACTAAGCG	A	343_806R-451	343	806R-451	C4-G2-T1-TP3-R2	C4	G2	T1	TP3	R2	
A-373	GACTTATAGGCC	A	344_806R-459	344	806R-459	C4-G2-T2-TP3-R2	C4	G2	T2	TP3	R2	
A-388	GTGTGGCCAAAC	A	345_806R-467	345	806R-467	C4-G2-T3-TP3-R2	C4	G2	T3	TP3	R2	
A-389	GGAAGTGAAGTT	A	346_806R-475	346	806R-475	C4-G2-T4-TP3-R2	C4	G2	T4	TP3	R2	
A-308	ACGACTATGTGC	A	347_806R-388	347	806R-388	C5-G2-T1-TP3-R2	C5	G2	T1	TP3	R2	
A-309	GGCCATTAGTCA	A	348_806R-396	348	806R-396	C5-G2-T2-TP3-R2	C5	G2	T2	TP3	R2	
A-325	GTAGTGTCTAGC	A	351_806R-412	351	806R-412	C1-G2-T1-TP6-R2	C1	G2	T1	TP6	R2	
A-340	TGCAGAGCTCAG	A	352_806R-420	352	806R-420	C1-G2-T2-TP6-R2	C1	G2	T2	TP6	R2	
A-341	CAATTGTGCACG	A	353_806R-428	353	806R-428	C1-G2-T3-TP6-R2	C1	G2	T3	TP6	R2	
A-358	ACGTCTGTAGCA	A	354_806R-436	354	806R-436	C1-G2-T4-TP6-R2	C1	G2	T4	TP6	R2	
A-359	GTGTTTGGTCGA	A	355_806R-444	355	806R-444	C2-G2-T1-TP6-R2	C2	G2	T1	TP6	R2	
A-374	TCGCAAACTTTG	A	356_806R-452	356	806R-452	C2-G2-T2-TP6-R2	C2	G2	T2	TP6	R2	
A-375	GCATGAAATGGA	A	357_806R-460	357	806R-460	C2-G2-T3-TP6-R2	C2	G2	T3	TP6	R2	
A-390	TGGGCAACCTGA	A	358_806R-468	358	806R-468	C2-G2-T4-TP6-R2	C2	G2	T4	TP6	R2	
A-391	TATATCCACTGG	A	359_806R-476	359	806R-476	C3-G2-T1-TP6-R2	C3	G2	T1	TP6	R2	
A-310	AGTGTATTTGCC	A	360_806R-389	360	806R-389	C3-G2-T2-TP6-R2	C3	G2	T2	TP6	R2	
A-311	CAAGTGAGAGAG	A	361_806R-397	361	806R-397	C3-G2-T3-TP6-R2	C3	G2	T3	TP6	R2	
A-326	GCAAGCCGATTG	A	362_806R-405	362	806R-405	C3-G2-T4-TP6-R2	C3	G2	T4	TP6	R2	
A-327	CGTTCAATCCAA	A	363_806R-413	363	806R-413	C4-G2-T1-TP6-R2	C4	G2	T1	TP6	R2	
A-342	GGAAAGTCGAAG	A	364_806R-421	364	806R-421	C4-G2-T2-TP6-R2	C4	G2	T2	TP6	R2	
A-343	GAACTTAGGCCG	A	365_806R-429	365	806R-429	C4-G2-T3-TP6-R2	C4	G2	T3	TP6	R2	
A-360	TAGTCAGGCCAT	A	366_806R-437	366	806R-437	C4-G2-T4-TP6-R2	C4	G2	T4	TP6	R2	
A-361	GTTACTGGGTGG	A	367_806R-445	367	806R-445	C5-G2-T1-TP6-R2	C5	G2	T1	TP6	R2	
A-376	AGATCGGCTCGA	A	368_806R-453	368	806R-453	C5-G2-T2-TP6-R2	C5	G2	T2	TP6	R2	
A-377	GATGATCGCCGA	A	369_806R-461	369	806R-461	C5-G2-T3-TP6-R2	C5	G2	T3	TP6	R2	
B-377	GATGATCGCCGA	B	369_806R-461	369	806R-461	C5-G2-T3-TP6-R2	C5	G2	T3	TP6	R2	
A-392	TGAGTGGAATGA	A	370_806R-469	370	806R-469	C5-G2-T4-TP6-R2	C5	G2	T4	TP6	R2	
A-537	AGGCTACACGAC	A	370_806R-7	370	806R-7	C5-G2-T4-TP6-R2	C5	G2	T4	TP6	R2	
A-393	GCGTTACACACA	A	371_806R-477	371	806R-477	C1-G2-T1-TP12-R2	C1	G2	T1	TP12	R2	
A-312	CTGGAGCATGAC	A	372_806R-390	372	806R-390	C1-G2-T2-TP12-R2	C1	G2	T2	TP12	R2	
A-313	GTTGCTTGCAAT	A	373_806R-398	373	806R-398	C1-G2-T3-TP12-R2	C1	G2	T3	TP12	R2	
A-328	CGATCGAGTGTT	A	374_806R-406	374	806R-406	C1-G2-T4-TP12-R2	C1	G2	T4	TP12	R2	
A-329	CACTGGTATATC	A	375_806R-414	375	806R-414	C2-G2-T1-TP12-R2	C2	G2	T1	TP12	R2	
A-344	GGTTCTTATGAC	A	376_806R-422	376	806R-422	C2-G2-T2-TP12-R2	C2	G2	T2	TP12	R2	
A-345	GATGTGAGCGCT	A	377_806R-430	377	806R-430	C2-G2-T3-TP12-R2	C2	G2	T3	TP12	R2	
A-362	TTGTATGTGCGT	A	378_806R-438	378	806R-438	C2-G2-T4-TP12-R2	C2	G2	T4	TP12	R2	
A-363	TCATCGCGATAT	A	379_806R-446	379	806R-446	C3-G2-T1-TP12-R2	C3	G2	T1	TP12	R2	
A-378	GAACATGATGAG	A	380_806R-454	380	806R-454	C3-G2-T2-TP12-R2	C3	G2	T2	TP12	R2	
A-379	TTCGCGTGAAAC	A	381_806R-462	381	806R-462	C3-G2-T3-TP12-R2	C3	G2	T3	TP12	R2	
A-394	TCGTGATGTGAC	A	382_806R-470	382	806R-470	C3-G2-T4-TP12-R2	C3	G2	T4	TP12	R2	
A-395	TTGCACGATTGG	A	383_806R-478	383	806R-478	C4-G2-T1-TP12-R2	C4	G2	T1	TP12	R2	
A-314	CAGCTTACTAGG	A	384_806R-391	384	806R-391	C4-G2-T2-TP12-R2	C4	G2	T2	TP12	R2	
A-315	ACATGTCACGTG	A	385_806R-399	385	806R-399	C4-G2-T3-TP12-R2	C4	G2	T3	TP12	R2	
A-330	AACAGCCGGTCA	A	386_806R-407	386	806R-407	C4-G2-T4-TP12-R2	C4	G2	T4	TP12	R2	
A-331	TGGCAGTTTGTT	A	387_806R-415	387	806R-415	C5-G2-T1-TP12-R2	C5	G2	T1	TP12	R2	
A-346	TAACTTGCGGAC	A	388_806R-423	388	806R-423	C5-G2-T2-TP12-R2	C5	G2	T2	TP12	R2	
A-347	GTGCCATAACCA	A	389_806R-431	389	806R-431	C5-G2-T3-TP12-R2	C5	G2	T3	TP12	R2	
A-364	ACAGACCACTCA	A	390_806R-439	390	806R-439	C5-G2-T4-TP12-R2	C5	G2	T4	TP12	R2	
A-75	CCTGAACTAGTT	A	391_806R-76	391	806R-76	C1-G2-T1-TP24-R2	C1	G2	T1	TP24	R2	
A-90	CGAGAAGAGAAC	A	392_806R-84	392	806R-84	C1-G2-T2-TP24-R2	C1	G2	T2	TP24	R2	
A-91	ATCGGCGTTACA	A	393_806R-92	393	806R-92	C1-G2-T3-TP24-R2	C1	G2	T3	TP24	R2	
B-10	TATCGTTGACCA	B	394_806R-5	394	806R-5	C1-G2-T4-TP24-R2	C1	G2	T4	TP24	R2	
A-11	CCAGTGTATGCA	A	395_806R-13	395	806R-13	C2-G2-T1-TP24-R2	C2	G2	T1	TP24	R2	
A-26	GGATCGCAGATC	A	396_806R-21	396	806R-21	C2-G2-T2-TP24-R2	C2	G2	T2	TP24	R2	
A-27	GACTTTCCCTCG	A	397_806R-29	397	806R-29	C2-G2-T3-TP24-R2	C2	G2	T3	TP24	R2	
A-42	TCTAGCGTAGTG	A	398_806R-37	398	806R-37	C2-G2-T4-TP24-R2	C2	G2	T4	TP24	R2	
A-60	ATTCCTGTGAGT	A	399_806R-53	399	806R-53	C3-G2-T1-TP24-R2	C3	G2	T1	TP24	R2	
A-43	CGATCCGTATTA	A	400_806R-45	400	806R-45	C3-G2-T2-TP24-R2	C3	G2	T2	TP24	R2	
A-61	GTCAATTGACCG	A	401_806R-61	401	806R-61	C3-G2-T3-TP24-R2	C3	G2	T3	TP24	R2	
A-76	ATCGATCTGTGG	A	402_806R-69	402	806R-69	C3-G2-T4-TP24-R2	C3	G2	T4	TP24	R2	
A-77	CTTCGGCAGAAT	A	403_806R-77	403	806R-77	C4-G2-T1-TP24-R2	C4	G2	T1	TP24	R2	
A-92	AGGCATCTTACG	A	404_806R-85	404	806R-85	C4-G2-T2-TP24-R2	C4	G2	T2	TP24	R2	
A-93	AGATGTTCTGCT	A	405_806R-93	405	806R-93	C4-G2-T3-TP24-R2	C4	G2	T3	TP24	R2	
B-12	TTACTGTGCGAT	B	406_806R-6	406	806R-6	C4-G2-T4-TP24-R2	C4	G2	T4	TP24	R2	
A-13	CCTCGTTCGACT	A	407_806R-14	407	806R-14	C5-G2-T1-TP24-R2	C5	G2	T1	TP24	R2	
A-28	GCTGATGAGCTG	A	408_806R-22	408	806R-22	C5-G2-T2-TP24-R2	C5	G2	T2	TP24	R2	
A-29	ATCCCGAATTTG	A	409_806R-30	409	806R-30	C5-G2-T3-TP24-R2	C5	G2	T3	TP24	R2	
A-44	TCGAGGACTGCA	A	410_806R-38	410	806R-38	C5-G2-T4-TP24-R2	C5	G2	T4	TP24	R2	
A-538	CTAACCTCCGCT	A	429_806R-8	429	806R-8	C5-G3-T3-TP0-R2	C5	G3	T3	TP0	R2	
B-282	GGATAGCCACTT	B	429_806R-360	429	806R-360	C5-G3-T3-TP0-R2	C5	G3	T3	TP0	R2	
B-668	CGGGTTTGACGA	B	429_806R-176	429	806R-176	C5-G3-T3-TP0-R2	C5	G3	T3	TP0	R2	
B-283	ACAATCGGTTGC	B	430_806R-368	430	806R-368	C5-G3-T4-TP0-R2	C5	G3	T4	TP0	R2	
B-289	GTGTTGCAGCAT	B	451_806R-379	451	806R-379	C1-G3-T1-TP6-R2	C1	G3	T1	TP6	R2	
A-208	CGCATGAGGATC	A	452_806R-292	452	806R-292	C1-G3-T2-TP6-R2	C1	G3	T2	TP6	R2	
A-209	TGCACAATGGCG	A	453_806R-300	453	806R-300	C1-G3-T3-TP6-R2	C1	G3	T3	TP6	R2	
B-224	AGCGATGCCTTA	B	454_806R-308	454	806R-308	C1-G3-T4-TP6-R2	C1	G3	T4	TP6	R2	
B-225	GGATGTAAGTAG	B	455_806R-316	455	806R-316	C2-G3-T1-TP6-R2	C2	G3	T1	TP6	R2	
B-240	ATGAGTTGGAAG	B	456_806R-324	456	806R-324	C2-G3-T2-TP6-R2	C2	G3	T2	TP6	R2	
B-241	TTGCTGGTCCTC	B	457_806R-332	457	806R-332	C2-G3-T3-TP6-R2	C2	G3	T3	TP6	R2	
B-258	CACCACGGAAAC	B	458_806R-340	458	806R-340	C2-G3-T4-TP6-R2	C2	G3	T4	TP6	R2	
B-259	GTCCATAGCTAG	B	459_806R-348	459	806R-348	C3-G3-T1-TP6-R2	C3	G3	T1	TP6	R2	
B-274	TCCATAACTAGC	B	460_806R-356	460	806R-356	C3-G3-T2-TP6-R2	C3	G3	T2	TP6	R2	
B-275	TATGTGGCCCAA	B	461_806R-364	461	806R-364	C3-G3-T3-TP6-R2	C3	G3	T3	TP6	R2	
B-290	TTGGGCGTGAAC	B	462_806R-372	462	806R-372	C3-G3-T4-TP6-R2	C3	G3	T4	TP6	R2	
B-291	CCTCCATGAGAA	B	463_806R-380	463	806R-380	C4-G3-T1-TP6-R2	C4	G3	T1	TP6	R2	
A-210	AGGGACGATAAT	A	464_806R-293	464	806R-293	C4-G3-T2-TP6-R2	C4	G3	T2	TP6	R2	
A-211	TCTGCAGTTGGA	A	465_806R-301	465	806R-301	C4-G3-T3-TP6-R2	C4	G3	T3	TP6	R2	
B-226	GGCTGTATGGGT	B	466_806R-309	466	806R-309	C4-G3-T4-TP6-R2	C4	G3	T4	TP6	R2	
B-227	TGATCAGAAGAG	B	467_806R-317	467	806R-317	C5-G3-T1-TP6-R2	C5	G3	T1	TP6	R2	
B-242	ATAGGCGATCTC	B	468_806R-325	468	806R-325	C5-G3-T2-TP6-R2	C5	G3	T2	TP6	R2	
B-243	CGACATGCTATT	B	469_806R-333	469	806R-333	C5-G3-T3-TP6-R2	C5	G3	T3	TP6	R2	
B-260	CGTCTGGTTCCT	B	470_806R-341	470	806R-341	C5-G3-T4-TP6-R2	C5	G3	T4	TP6	R2	
A-127	ATACTTCGCAGG	A	471_806R-125	471	806R-125	C1-G3-T1-TP12-R2	C1	G3	T1	TP12	R2	
A-142	ATCGCTCGAGGA	A	472_806R-133	472	806R-133	C1-G3-T2-TP12-R2	C1	G3	T2	TP12	R2	
A-143	CGCCAAATAACC	A	473_806R-141	473	806R-141	C1-G3-T3-TP12-R2	C1	G3	T3	TP12	R2	
A-160	TCAACAGCATCG	A	474_806R-149	474	806R-149	C1-G3-T4-TP12-R2	C1	G3	T4	TP12	R2	
A-161	CAACACGCACGA	A	475_806R-157	475	806R-157	C2-G3-T1-TP12-R2	C2	G3	T1	TP12	R2	
A-176	CAGGAAGGTTAA	A	476_806R-165	476	806R-165	C2-G3-T2-TP12-R2	C2	G3	T2	TP12	R2	
A-177	TATGCACCAGTG	A	477_806R-173	477	806R-173	C2-G3-T3-TP12-R2	C2	G3	T3	TP12	R2	
B-192	ACGATGCGACCA	B	478_806R-189	478	806R-189	C2-G3-T4-TP12-R2X	C2	G3	T4	TP12	R2	X
A-193	GATTGGTTGCAC	A	479_806R-181	479	806R-181	C3-G3-T1-TP12-R2	C3	G3	T1	TP12	R2	
A-112	AACACAAGGAGT	A	480_806R-102	480	806R-102	C3-G3-T2-TP12-R2	C3	G3	T2	TP12	R2	
A-113	TGTAATTGTCGC	A	481_806R-110	481	806R-110	C3-G3-T3-TP12-R2	C3	G3	T3	TP12	R2	
A-128	CGTCCGAAATAC	A	482_806R-118	482	806R-118	C3-G3-T4-TP12-R2	C3	G3	T4	TP12	R2	
A-129	ATGTCGAGAGAA	A	483_806R-126	483	806R-126	C4-G3-T1-TP12-R2	C4	G3	T1	TP12	R2	
A-144	TAACGCTTGGGT	A	484_806R-134	484	806R-134	C4-G3-T2-TP12-R2	C4	G3	T2	TP12	R2	
A-145	GTATTACGATCC	A	485_806R-142	485	806R-142	C4-G3-T3-TP12-R2	C4	G3	T3	TP12	R2	
A-162	TTATGCAGTCGT	A	486_806R-150	486	806R-150	C4-G3-T4-TP12-R2	C4	G3	T4	TP12	R2	
A-178	TGGCATACGGCA	A	487_806R-166	487	806R-166	C5-G3-T1-TP12-R2	C5	G3	T1	TP12	R2	
A-163	CCATGCGATAAC	A	488_806R-158	488	806R-158	C5-G3-T2-TP12-R2	C5	G3	T2	TP12	R2	
A-179	AGAGCCTACGTT	A	489_806R-174	489	806R-174	C5-G3-T3-TP12-R2	C5	G3	T3	TP12	R2	
A-194	CCAAGTCTTACA	A	490_806R-190	490	806R-190	C5-G3-T4-TP12-R2	C5	G3	T4	TP12	R2	
B-194	CCAAGTCTTACA	B	490_806R-190	490	806R-190	C5-G3-T4-TP12-R2X	C5	G3	T4	TP12	R2	X
A-62	GAGGCTCATCAT	A	491_806R-54	491	806R-54	C1-G3-T1-TP24-R2	C1	G3	T1	TP24	R2	
A-45	GTCTAATTCCGA	A	492_806R-46	492	806R-46	C1-G3-T2-TP24-R2	C1	G3	T2	TP24	R2	
B-531	TGAGTCACTGGT	B	492_806R-15	492	806R-15	C1-G3-T2-TP24-R2	C1	G3	T2	TP24	R2	
A-63	ATGAGACTCCAC	A	493_806R-62	493	806R-62	C1-G3-T3-TP24-R2	C1	G3	T3	TP24	R2	
A-78	CTTGTGTCGATA	A	494_806R-70	494	806R-70	C1-G3-T4-TP24-R2	C1	G3	T4	TP24	R2	
B-78	CTTGTGTCGATA	B	494_806R-70	494	806R-70	C1-G3-T4-TP24-R2	C1	G3	T4	TP24	R2	
A-79	ACGGGACATGCT	A	495_806R-78	495	806R-78	C2-G3-T1-TP24-R2	C2	G3	T1	TP24	R2	
A-94	CAGCTAGAACGC	A	496_806R-86	496	806R-86	C2-G3-T2-TP24-R2	C2	G3	T2	TP24	R2	
A-95	CCACCTACTCCA	A	497_806R-94	497	806R-94	C2-G3-T3-TP24-R2	C2	G3	T3	TP24	R2	
B-14	AGGCTACACGAC	B	498_806R-7	498	806R-7	C2-G3-T4-TP24-R2	C2	G3	T4	TP24	R2	
A-15	TGAGTCACTGGT	A	499_806R-15	499	806R-15	C3-G3-T1-TP24-R2	C3	G3	T1	TP24	R2	
A-30	AGCTGTTGTTTG	A	500_806R-23	500	806R-23	C3-G3-T2-TP24-R2	C3	G3	T2	TP24	R2	
A-31	GTTGGTCAATCT	A	501_806R-31	501	806R-31	C3-G3-T3-TP24-R2	C3	G3	T3	TP24	R2	
A-46	CGGAGCTATGGT	A	502_806R-39	502	806R-39	C3-G3-T4-TP24-R2	C3	G3	T4	TP24	R2	
A-64	TCCTCTGTCGAC	A	503_806R-55	503	806R-55	C4-G3-T1-TP24-R2	C4	G3	T1	TP24	R2	
A-47	TCCGAATTCACA	A	504_806R-47	504	806R-47	C4-G3-T2-TP24-R2	C4	G3	T2	TP24	R2	
A-65	GAATCTTCGAGC	A	505_806R-63	505	806R-63	C4-G3-T3-TP24-R2	C4	G3	T3	TP24	R2	
A-80	TGAGCCGGAATC	A	506_806R-71	506	806R-71	C4-G3-T4-TP24-R2	C4	G3	T4	TP24	R2	
A-83	GGAAACCACCAC	A	507_806R-80	507	806R-80	C5-G3-T1-TP24-R2	C5	G3	T1	TP24	R2	
A-96	TCCCAGAACAAC	A	508_806R-87	508	806R-87	C5-G3-T2-TP24-R2	C5	G3	T2	TP24	R2	
A-97	GAATAGAGCCAA	A	509_806R-95	509	806R-95	C5-G3-T3-TP24-R2	C5	G3	T3	TP24	R2	
B-16	CTAACCTCCGCT	B	510_806R-8	510	806R-8	C5-G3-T4-TP24-R2	C5	G3	T4	TP24	R2	
B-529	CCTCGTTCGACT	B	510_806R-14	510	806R-14	C5-G3-T4-TP24-R2	C5	G3	T4	TP24	R2	
B-660	TCAACAGCATCG	B	541_806R-149	541	806R-149	C1-G1-NA-TP0-R3	C1	G1	NA	TP0	R3	
B-600	TTATGCAGTCGT	B	542_806R-150	542	806R-150	C2-G1-NA-TP0-R3	C2	G1	NA	TP0	R3	
B-602	ATTAGTTCGCGT	B	543_806R-151	543	806R-151	C3-G1-NA-TP0-R3	C3	G1	NA	TP0	R3	
B-604	CCATACATAGCT	B	544_806R-152	544	806R-152	C4-G1-NA-TP0-R3	C4	G1	NA	TP0	R3	
B-638	ATGATGACCCGT	B	545_806R-153	545	806R-153	C5-G1-NA-TP0-R3	C5	G1	NA	TP0	R3	
B-437	CGTGTTTCAAAC	B	546_806R-522	546	806R-522	C1-G1-NA-TP3-R3	C1	G1	NA	TP3	R3	
B-454	ATTCTAGCGTTG	B	547_806R-530	547	806R-530	C2-G1-NA-TP3-R3	C2	G1	NA	TP3	R3	
B-455	TCACAGATCCGA	B	548_806R-538	548	806R-538	C3-G1-NA-TP3-R3	C3	G1	NA	TP3	R3	
B-470	GATAGTGCCACT	B	549_806R-546	549	806R-546	C4-G1-NA-TP3-R3	C4	G1	NA	TP3	R3	
B-471	CTAGAGACTCTT	B	550_806R-554	550	806R-554	C5-G1-NA-TP3-R3	C5	G1	NA	TP3	R3	
B-486	ACCACCAGAACG	B	551_806R-562	551	806R-562	C1-G1-NA-TP6-R3	C1	G1	NA	TP6	R3	
B-487	GATCTATCCGAG	B	552_806R-570	552	806R-570	C2-G1-NA-TP6-R3	C2	G1	NA	TP6	R3	
B-406	TAGCCGGCATAG	B	553_806R-483	553	806R-483	C3-G1-NA-TP6-R3	C3	G1	NA	TP6	R3	
B-407	CGTTTGTTAGTG	B	554_806R-491	554	806R-491	C4-G1-NA-TP6-R3	C4	G1	NA	TP6	R3	
B-422	GATCTCATAGGC	B	555_806R-499	555	806R-499	C5-G1-NA-TP6-R3	C5	G1	NA	TP6	R3	
B-423	TTCTCCGTGTCG	B	556_806R-507	556	806R-507	C1-G1-NA-TP12-R3	C1	G1	NA	TP12	R3	
B-438	TCCCATTGAAGG	B	557_806R-515	557	806R-515	C2-G1-NA-TP12-R3	C2	G1	NA	TP12	R3	
B-439	ACCTGTCTCTCT	B	558_806R-523	558	806R-523	C3-G1-NA-TP12-R3	C3	G1	NA	TP12	R3	
B-456	ATGGGCTCTGAT	B	559_806R-531	559	806R-531	C4-G1-NA-TP12-R3	C4	G1	NA	TP12	R3	
B-457	TAGAGTACCGGC	B	560_806R-539	560	806R-539	C5-G1-NA-TP12-R3	C5	G1	NA	TP12	R3	
A-17	GACTTGGTATTC	A	561_806R-16	561	806R-16	C1-G1-NA-TP24-R3	C1	G1	NA	TP24	R3	
A-32	GGATGGTGTTGC	A	562_806R-24	562	806R-24	C2-G1-NA-TP24-R3	C2	G1	NA	TP24	R3	
A-33	TAGCTCGTAACT	A	563_806R-32	563	806R-32	C3-G1-NA-TP24-R3	C3	G1	NA	TP24	R3	
A-48	AAGAGATGTCGA	A	564_806R-40	564	806R-40	C4-G1-NA-TP24-R3	C4	G1	NA	TP24	R3	
B-533	GACTTGGTATTC	B	564_806R-16	564	806R-16	C4-G1-NA-TP24-R3	C4	G1	NA	TP24	R3	
A-66	CTATTTGCGACA	A	565_806R-56	565	806R-56	C5-G1-NA-TP24-R3	C5	G1	NA	TP24	R3	
B-473	ACCCATGACGGA	B	566_806R-555	566	806R-555	C1-G2-T1-TP0-R3	C1	G2	T1	TP0	R3	
B-640	GTGGGATGTTTC	B	567_806R-154	567	806R-154	C1-G2-T2-TP0-R3	C1	G2	T2	TP0	R3	
B-642	CTCGAGAGTACG	B	568_806R-155	568	806R-155	C1-G2-T3-TP0-R3	C1	G2	T3	TP0	R3	
B-644	AACGAGAACTGA	B	569_806R-156	569	806R-156	C1-G2-T4-TP0-R3	C1	G2	T4	TP0	R3	
B-646	CAACACGCACGA	B	570_806R-157	570	806R-157	C2-G2-T1-TP0-R3	C2	G2	T1	TP0	R3	
B-648	CCATGCGATAAC	B	571_806R-158	571	806R-158	C2-G2-T2-TP0-R3	C2	G2	T2	TP0	R3	
B-650	CCTCTCGTGATC	B	572_806R-159	572	806R-159	C2-G2-T3-TP0-R3	C2	G2	T3	TP0	R3	
B-652	GCCTGAATTTAC	B	573_806R-160	573	806R-160	C2-G2-T4-TP0-R3	C2	G2	T4	TP0	R3	
B-639	GTCCGAAACACT	B	574_806R-161	574	806R-161	C3-G2-T1-TP0-R3	C3	G2	T1	TP0	R3	
B-641	TAAACCGCGTGT	B	575_806R-162	575	806R-162	C3-G2-T2-TP0-R3	C3	G2	T2	TP0	R3	
B-643	CTAGATTTGCCA	B	576_806R-163	576	806R-163	C3-G2-T3-TP0-R3	C3	G2	T3	TP0	R3	
B-645	TAAGGTAAGGTG	B	577_806R-164	577	806R-164	C3-G2-T4-TP0-R3	C3	G2	T4	TP0	R3	
B-647	CAGGAAGGTTAA	B	578_806R-165	578	806R-165	C4-G2-T1-TP0-R3	C4	G2	T1	TP0	R3	
B-649	TGGCATACGGCA	B	579_806R-166	579	806R-166	C4-G2-T2-TP0-R3	C4	G2	T2	TP0	R3	
B-651	ACTATTGTCACG	B	580_806R-167	580	806R-167	C4-G2-T3-TP0-R3	C4	G2	T3	TP0	R3	
B-653	CGAGTTGTAGCG	B	581_806R-168	581	806R-168	C4-G2-T4-TP0-R3	C4	G2	T4	TP0	R3	
B-654	CGACTGTCTTAA	B	582_806R-169	582	806R-169	C5-G2-T1-TP0-R3	C5	G2	T1	TP0	R3	
B-656	GCTCAGTGCAGA	B	583_806R-170	583	806R-170	C5-G2-T2-TP0-R3	C5	G2	T2	TP0	R3	
B-658	TACTAATCTGCG	B	584_806R-171	584	806R-171	C5-G2-T3-TP0-R3	C5	G2	T3	TP0	R3	
B-442	TGCTCAGTATGT	B	585_806R-517	585	806R-517	C5-G2-T4-TP0-R3	C5	G2	T4	TP0	R3	
B-443	AGAGTCCTGAGC	B	586_806R-525	586	806R-525	C1-G2-T1-TP3-R3	C1	G2	T1	TP3	R3	
B-460	ACCTAGAGTCGG	B	587_806R-533	587	806R-533	C1-G2-T2-TP3-R3	C1	G2	T2	TP3	R3	
B-461	CTACTGATATCG	B	588_806R-541	588	806R-541	C1-G2-T3-TP3-R3	C1	G2	T3	TP3	R3	
B-476	GATTGCCGCAAG	B	589_806R-549	589	806R-549	C1-G2-T4-TP3-R3	C1	G2	T4	TP3	R3	
B-479	AAGTGTTTGCCG	B	590_806R-558	590	806R-558	C2-G2-T1-TP3-R3	C2	G2	T1	TP3	R3	
B-494	CGATATTCATCG	B	591_806R-566	591	806R-566	C2-G2-T2-TP3-R3	C2	G2	T2	TP3	R3	
B-493	GCCTTCTAAGGA	B	592_806R-573	592	806R-573	C2-G2-T3-TP3-R3	C2	G2	T3	TP3	R3	
B-412	ACCCTGTACCCT	B	593_806R-486	593	806R-486	C2-G2-T4-TP3-R3	C2	G2	T4	TP3	R3	
B-413	TGTCAAGTCGTG	B	594_806R-494	594	806R-494	C3-G2-T1-TP3-R3	C3	G2	T1	TP3	R3	
B-428	TCGTTGGATGGT	B	595_806R-502	595	806R-502	C3-G2-T2-TP3-R3	C3	G2	T2	TP3	R3	
B-429	GTAGAGCTGTTC	B	596_806R-510	596	806R-510	C3-G2-T3-TP3-R3	C3	G2	T3	TP3	R3	
B-444	CATAGTTTAGCC	B	597_806R-518	597	806R-518	C3-G2-T4-TP3-R3	C3	G2	T4	TP3	R3	
B-445	GCACCCAAAGTG	B	598_806R-526	598	806R-526	C4-G2-T1-TP3-R3	C4	G2	T1	TP3	R3	
B-462	TGCTCGTAGGAT	B	599_806R-534	599	806R-534	C4-G2-T2-TP3-R3	C4	G2	T2	TP3	R3	
B-463	GCCTCCCTTATG	B	600_806R-542	600	806R-542	C4-G2-T3-TP3-R3	C4	G2	T3	TP3	R3	
B-478	CATCAAACCTCA	B	601_806R-550	601	806R-550	C4-G2-T4-TP3-R3	C4	G2	T4	TP3	R3	
B-477	CTTGCCTTGTGC	B	602_806R-557	602	806R-557	C5-G2-T1-TP3-R3	C5	G2	T1	TP3	R3	
B-492	ACAAAGGCCCTG	B	603_806R-565	603	806R-565	C5-G2-T2-TP3-R3	C5	G2	T2	TP3	R3	
B-495	TTGAAGTCCATC	B	604_806R-574	604	806R-574	C5-G2-T3-TP3-R3	C5	G2	T3	TP3	R3	
B-414	GATTAGCACTCT	B	605_806R-487	605	806R-487	C5-G2-T4-TP3-R3	C5	G2	T4	TP3	R3	
B-661	AACCGCGGTCAA	B	605_806R-180	605	806R-180	C5-G2-T4-TP3-R3	C5	G2	T4	TP3	R3	
B-415	TAAGCCTCCAAG	B	606_806R-495	606	806R-495	C1-G2-T1-TP6-R3	C1	G2	T1	TP6	R3	
B-430	TCCTCCTATTGC	B	607_806R-503	607	806R-503	C1-G2-T2-TP6-R3	C1	G2	T2	TP6	R3	
B-431	GGTATGACTCAC	B	608_806R-511	608	806R-511	C1-G2-T3-TP6-R3	C1	G2	T3	TP6	R3	
B-446	AATCAGTCTCGT	B	609_806R-2	609	806R-2	C1-G2-T4-TP6-R3	C1	G2	T4	TP6	R3	
B-447	TGCCAGGCTAGA	B	610_806R-527	610	806R-527	C2-G2-T1-TP6-R3	C2	G2	T1	TP6	R3	
B-464	AGATTCGTTGTC	B	611_806R-535	611	806R-535	C2-G2-T2-TP6-R3	C2	G2	T2	TP6	R3	
B-465	AGGAGTAACACA	B	612_806R-543	612	806R-543	C2-G2-T3-TP6-R3	C2	G2	T3	TP6	R3	
B-480	TCGACCAGCAAT	B	613_806R-551	613	806R-551	C2-G2-T4-TP6-R3	C2	G2	T4	TP6	R3	
B-481	ACAGGAACTCGC	B	614_806R-559	614	806R-559	C3-G2-T1-TP6-R3	C3	G2	T1	TP6	R3	
B-496	CCACTAATTGAC	B	615_806R-567	615	806R-567	C3-G2-T2-TP6-R3	C3	G2	T2	TP6	R3	
B-497	CGAGGCTCAGTA	B	616_806R-575	616	806R-575	C3-G2-T3-TP6-R3	C3	G2	T3	TP6	R3	
B-416	ATAACCCGCCAA	B	617_806R-488	617	806R-488	C3-G2-T4-TP6-R3	C3	G2	T4	TP6	R3	
B-417	GTGGAACCACGT	B	618_806R-496	618	806R-496	C4-G2-T1-TP6-R3	C4	G2	T1	TP6	R3	
B-432	AGTGACGTTCGG	B	619_806R-504	619	806R-504	C4-G2-T2-TP6-R3	C4	G2	T2	TP6	R3	
B-433	CAGTAACGGCCA	B	620_806R-512	620	806R-512	C4-G2-T3-TP6-R3	C4	G2	T3	TP6	R3	
B-448	CGTGATCTCTCC	B	621_806R-520	621	806R-520	C4-G2-T4-TP6-R3	C4	G2	T4	TP6	R3	
A-449	ACGCATTGCATT	A	622_806R-528	622	806R-528	C5-G2-T1-TP6-R3X	C5	G2	T1	TP6	R3	X
B-449	ACGCATTGCATT	B	622_806R-528	622	806R-528	C5-G2-T1-TP6-R3	C5	G2	T1	TP6	R3	
B-466	GAGTCAACCGCA	B	623_806R-536	623	806R-536	C5-G2-T2-TP6-R3	C5	G2	T2	TP6	R3	
A-467	ATTGCAGGTACC	A	624_806R-544	624	806R-544	C5-G2-T3-TP6-R3	C5	G2	T3	TP6	R3	
B-467	ATTGCAGGTACC	B	624_806R-544	624	806R-544	C5-G2-T3-TP6-R3	C5	G2	T3	TP6	R3	
B-482	GTCCGGCTTCTT	B	625_806R-552	625	806R-552	C5-G2-T4-TP6-R3	C5	G2	T4	TP6	R3	
B-483	GCCGATTCGGAA	B	626_806R-560	626	806R-560	C1-G2-T1-TP12-R3	C1	G2	T1	TP12	R3	
B-498	AGACTGCGTACT	B	627_806R-568	627	806R-568	C1-G2-T2-TP12-R3	C1	G2	T2	TP12	R3	
B-499	ATAAGGCCTTCT	B	628_806R-576	628	806R-576	C1-G2-T3-TP12-R3	C1	G2	T3	TP12	R3	
B-472	TCTATCGGGTTA	B	629_806R-547	629	806R-547	C1-G2-T4-TP12-R3	C1	G2	T4	TP12	R3	
A-199	GGTCACTGACAG	A	630_806R-184	630	806R-184	C2-G2-T1-TP12-R3	C2	G2	T1	TP12	R3	
A-103	GCTTCGGTAGAT	A	631_806R-105	631	806R-105	C2-G2-T2-TP12-R3	C2	G2	T2	TP12	R3	
A-118	TCTGTTGCTCTC	A	632_806R-113	632	806R-113	C2-G2-T3-TP12-R3	C2	G2	T3	TP12	R3	
A-119	TCTTCCGCTACT	A	633_806R-121	633	806R-121	C2-G2-T4-TP12-R3	C2	G2	T4	TP12	R3	
A-134	ACGGCATGGCAT	A	634_806R-129	634	806R-129	C3-G2-T1-TP12-R3	C3	G2	T1	TP12	R3	
A-135	TAACACCACATC	A	635_806R-137	635	806R-137	C3-G2-T2-TP12-R3	C3	G2	T2	TP12	R3	
A-152	GCATGGCTCTAA	A	636_806R-145	636	806R-145	C3-G2-T3-TP12-R3	C3	G2	T3	TP12	R3	
A-153	ATGATGACCCGT	A	637_806R-153	637	806R-153	C3-G2-T4-TP12-R3	C3	G2	T4	TP12	R3	
A-168	GTCCGAAACACT	A	638_806R-161	638	806R-161	C4-G2-T1-TP12-R3	C4	G2	T1	TP12	R3	
A-169	CGACTGTCTTAA	A	639_806R-169	639	806R-169	C4-G2-T2-TP12-R3	C4	G2	T2	TP12	R3	
A-184	GACTCGAATCGT	A	640_806R-185	640	806R-185	C4-G2-T3-TP12-R3	C4	G2	T3	TP12	R3	
B-184	GACTCGAATCGT	B	640_806R-185	640	806R-185	C4-G2-T3-TP12-R3X	C4	G2	T3	TP12	R3	X
A-185	TGGCACCGATTA	A	641_806R-177	641	806R-177	C4-G2-T4-TP12-R3	C4	G2	T4	TP12	R3	
A-534	TATCGTTGACCA	A	641_806R-5	641	806R-5	C4-G2-T4-TP12-R3	C4	G2	T4	TP12	R3	
A-104	TGTTATCGCACA	A	642_806R-98	642	806R-98	C5-G2-T1-TP12-R3	C5	G2	T1	TP12	R3	
A-105	CTTACACCAAGT	A	643_806R-106	643	806R-106	C5-G2-T2-TP12-R3	C5	G2	T2	TP12	R3	
A-120	AGTTCCCGAGTA	A	644_806R-114	644	806R-114	C5-G2-T3-TP12-R3	C5	G2	T3	TP12	R3	
A-49	ACGCCACGAATG	A	646_806R-48	646	806R-48	C1-G2-T1-TP24-R3	C1	G2	T1	TP24	R3	
A-67	ACACGTAAGCCT	A	647_806R-64	647	806R-64	C1-G2-T2-TP24-R3	C1	G2	T2	TP24	R3	
A-82	GCGGCAATTACG	A	648_806R-72	648	806R-72	C1-G2-T3-TP24-R3	C1	G2	T3	TP24	R3	
A-81	GTCATATCGTAC	A	649_806R-79	649	806R-79	C1-G2-T4-TP24-R3	C1	G2	T4	TP24	R3	
A-99	GTACGTGGGATC	A	650_806R-96	650	806R-96	C2-G2-T1-TP24-R3	C2	G2	T1	TP24	R3	
A-121	GTACCTAATTGC	A	651_806R-122	651	806R-122	C2-G2-T2-TP24-R3	C2	G2	T2	TP24	R3	
A-136	CGTGACAATGTC	A	652_806R-130	652	806R-130	C2-G2-T3-TP24-R3	C2	G2	T3	TP24	R3	
A-137	GACACATTTCTG	A	653_806R-138	653	806R-138	C2-G2-T4-TP24-R3	C2	G2	T4	TP24	R3	
A-154	CCATAGGGTTCA	A	654_806R-146	654	806R-146	C3-G2-T1-TP24-R3	C3	G2	T1	TP24	R3	
A-155	GTGGGATGTTTC	A	655_806R-154	655	806R-154	C3-G2-T2-TP24-R3	C3	G2	T2	TP24	R3	
A-170	TAAACCGCGTGT	A	656_806R-162	656	806R-162	C3-G2-T3-TP24-R3	C3	G2	T3	TP24	R3	
A-171	GCTCAGTGCAGA	A	657_806R-170	657	806R-170	C3-G2-T4-TP24-R3	C3	G2	T4	TP24	R3	
A-186	ATGGACCGAACC	A	658_806R-186	658	806R-186	C4-G2-T1-TP24-R3	C4	G2	T1	TP24	R3	
B-186	ATGGACCGAACC	B	658_806R-186	658	806R-186	C4-G2-T1-TP24-R3X	C4	G2	T1	TP24	R3	X
A-187	CTACCGGATCAA	A	659_806R-178	659	806R-178	C4-G2-T2-TP24-R3	C4	G2	T2	TP24	R3	
A-106	TCGTCGATAATC	A	660_806R-99	660	806R-99	C4-G2-T3-TP24-R3	C4	G2	T3	TP24	R3	
A-107	TGACCTCCAAGA	A	661_806R-107	661	806R-107	C4-G2-T4-TP24-R3	C4	G2	T4	TP24	R3	
A-122	AGCCTAAGCACG	A	662_806R-115	662	806R-115	C5-G2-T1-TP24-R3	C5	G2	T1	TP24	R3	
A-156	TGGCAAGACTCT	A	663_806R-147	663	806R-147	C5-G2-T2-TP24-R3	C5	G2	T2	TP24	R3	
A-123	ACTCACGGTATG	A	664_806R-123	664	806R-123	C5-G2-T3-TP24-R3	C5	G2	T3	TP24	R3	
A-139	CTCTACCTCTAC	A	665_806R-139	665	806R-139	C5-G2-T4-TP24-R3	C5	G2	T4	TP24	R3	
B-299	ACACCTGGTGAT	B	669_806R-4	669	806R-4	C1-G3-T4-TP0-R3	C1	G3	T4	TP0	R3	
B-261	AACCTCGTCAAG	B	706_806R-349	706	806R-349	C1-G3-T1-TP6-R3	C1	G3	T1	TP6	R3	
B-276	CTGGTTAATCTG	B	707_806R-357	707	806R-357	C1-G3-T2-TP6-R3	C1	G3	T2	TP6	R3	
B-277	TGACTTTGTGTG	B	708_806R-365	708	806R-365	C1-G3-T3-TP6-R3	C1	G3	T3	TP6	R3	
B-292	AGTGTTCGATCG	B	709_806R-373	709	806R-373	C1-G3-T4-TP6-R3	C1	G3	T4	TP6	R3	
B-293	CCAATCACTATG	B	710_806R-381	710	806R-381	C2-G3-T1-TP6-R3	C2	G3	T1	TP6	R3	
A-212	ATAGCGGTCTGG	A	711_806R-294	711	806R-294	C2-G3-T2-TP6-R3	C2	G3	T2	TP6	R3	
A-213	TACGGGTCTTTA	A	712_806R-302	712	806R-302	C2-G3-T3-TP6-R3	C2	G3	T3	TP6	R3	
B-228	ATGCGTAGTGCG	B	713_806R-310	713	806R-310	C2-G3-T4-TP6-R3	C2	G3	T4	TP6	R3	
B-229	CGTGGTTAGCAT	B	714_806R-318	714	806R-318	C3-G3-T1-TP6-R3	C3	G3	T1	TP6	R3	
B-244	CGGCGATGTACA	B	715_806R-326	715	806R-326	C3-G3-T2-TP6-R3	C3	G3	T2	TP6	R3	
B-245	AGGATTACTCCG	B	716_806R-334	716	806R-334	C3-G3-T3-TP6-R3	C3	G3	T3	TP6	R3	
B-262	ACCTGGGCATTA	B	717_806R-342	717	806R-342	C3-G3-T4-TP6-R3	C3	G3	T4	TP6	R3	
B-263	ATATTCCCAGGT	B	718_806R-350	718	806R-350	C4-G3-T1-TP6-R3	C4	G3	T1	TP6	R3	
B-278	GAGTATGCAGCC	B	719_806R-358	719	806R-358	C4-G3-T2-TP6-R3	C4	G3	T2	TP6	R3	
B-279	CCTATCCTTGGC	B	720_806R-366	720	806R-366	C4-G3-T3-TP6-R3	C4	G3	T3	TP6	R3	
B-294	CATGTTGGCATG	B	721_806R-374	721	806R-374	C4-G3-T4-TP6-R3	C4	G3	T4	TP6	R3	
B-295	TGTCTTGATAGC	B	722_806R-382	722	806R-382	C5-G3-T1-TP6-R3	C5	G3	T1	TP6	R3	
A-214	GTTTCTAGAGCT	A	723_806R-295	723	806R-295	C5-G3-T2-TP6-R3	C5	G3	T2	TP6	R3	
A-215	GGTGAAGATACA	A	724_806R-303	724	806R-303	C5-G3-T3-TP6-R3	C5	G3	T3	TP6	R3	
B-230	TCTTAACGACTG	B	725_806R-311	725	806R-311	C5-G3-T4-TP6-R3	C5	G3	T4	TP6	R3	
A-195	TCAAGCTCAAGC	A	726_806R-182	726	806R-182	C1-G3-T1-TP12-R3	C1	G3	T1	TP12	R3	
A-114	AATGTCCGTGAC	A	727_806R-103	727	806R-103	C1-G3-T2-TP12-R3	C1	G3	T2	TP12	R3	
A-115	AATGGAGCATGA	A	728_806R-111	728	806R-111	C1-G3-T3-TP12-R3	C1	G3	T3	TP12	R3	
A-130	GCAGGATAGATA	A	729_806R-119	729	806R-119	C1-G3-T4-TP12-R3	C1	G3	T4	TP12	R3	
A-131	TCTACGGAGAGC	A	730_806R-127	730	806R-127	C2-G3-T1-TP12-R3	C2	G3	T1	TP12	R3	
A-146	AATCTTGCTGCA	A	731_806R-135	731	806R-135	C2-G3-T2-TP12-R3	C2	G3	T2	TP12	R3	
A-147	TTGATGCTATGC	A	732_806R-143	732	806R-143	C2-G3-T3-TP12-R3	C2	G3	T3	TP12	R3	
A-164	ATTAGTTCGCGT	A	733_806R-151	733	806R-151	C2-G3-T4-TP12-R3	C2	G3	T4	TP12	R3	
A-165	CCTCTCGTGATC	A	734_806R-159	734	806R-159	C3-G3-T1-TP12-R3	C3	G3	T1	TP12	R3	
A-180	ACTATTGTCACG	A	735_806R-167	735	806R-167	C3-G3-T2-TP12-R3	C3	G3	T2	TP12	R3	
A-181	CGGACTACAACT	A	736_806R-175	736	806R-175	C3-G3-T3-TP12-R3	C3	G3	T3	TP12	R3	
A-196	ACACTAGATCCG	A	737_806R-191	737	806R-191	C3-G3-T4-TP12-R3	C3	G3	T4	TP12	R3	
A-197	TAATCCACAGCG	A	738_806R-183	738	806R-183	C4-G3-T1-TP12-R3	C4	G3	T1	TP12	R3	
A-116	TACTTCGCTCGC	A	739_806R-104	739	806R-104	C4-G3-T2-TP12-R3	C4	G3	T2	TP12	R3	
A-117	AGCTTGACAGCT	A	740_806R-112	740	806R-112	C4-G3-T3-TP12-R3	C4	G3	T3	TP12	R3	
A-132	GACTCTTGGCAA	A	741_806R-120	741	806R-120	C4-G3-T4-TP12-R3	C4	G3	T4	TP12	R3	
A-133	GGTCAGCTTAAC	A	742_806R-128	742	806R-128	C5-G3-T1-TP12-R3	C5	G3	T1	TP12	R3	
A-148	TGCAATGTTGCT	A	743_806R-136	743	806R-136	C5-G3-T2-TP12-R3	C5	G3	T2	TP12	R3	
A-149	CACATCTAACAC	A	744_806R-144	744	806R-144	C5-G3-T3-TP12-R3	C5	G3	T3	TP12	R3	
A-166	CCATACATAGCT	A	745_806R-152	745	806R-152	C5-G3-T4-TP12-R3	C5	G3	T4	TP12	R3	
A-167	GCCTGAATTTAC	A	746_806R-160	746	806R-160	C1-G3-T1-TP24-R3	C1	G3	T1	TP24	R3	
A-182	CGAGTTGTAGCG	A	747_806R-168	747	806R-168	C1-G3-T2-TP24-R3	C1	G3	T2	TP24	R3	
A-183	CGGGTTTGACGA	A	748_806R-176	748	806R-176	C1-G3-T3-TP24-R3	C1	G3	T3	TP24	R3	
B-198	GCTCGAAGATCG	B	749_806R-192	749	806R-192	C1-G3-T4-TP24-R3X	C1	G3	T4	TP24	R3	X
A-102	GAAGAAGCGGTA	A	750_806R-97	750	806R-97	C2-G3-T1-TP24-R3	C2	G3	T1	TP24	R3	
A-202	GGCAACCTCAGA	A	751_806R-289	751	806R-289	C2-G3-T2-TP24-R3	C2	G3	T2	TP24	R3	
A-203	AACCACACATCG	A	752_806R-297	752	806R-297	C2-G3-T3-TP24-R3	C2	G3	T3	TP24	R3	
A-218	AGCTATCCACGA	A	753_806R-305	753	806R-305	C2-G3-T4-TP24-R3	C2	G3	T4	TP24	R3	
A-219	CTCGGCAATTAT	A	754_806R-313	754	806R-313	C3-G3-T1-TP24-R3	C3	G3	T1	TP24	R3	
B-234	GATCTTCAGTAC	B	755_806R-321	755	806R-321	C3-G3-T2-TP24-R3	C3	G3	T2	TP24	R3	
B-235	GCAAAGCAAAGT	B	756_806R-329	756	806R-329	C3-G3-T3-TP24-R3	C3	G3	T3	TP24	R3	
B-252	ACTACAGCCTAT	B	757_806R-337	757	806R-337	C3-G3-T4-TP24-R3	C3	G3	T4	TP24	R3	
B-253	TCATCTGACTGA	B	758_806R-345	758	806R-345	C4-G3-T1-TP24-R3	C4	G3	T1	TP24	R3	
B-268	GGTGGAATAGAG	B	759_806R-353	759	806R-353	C4-G3-T2-TP24-R3	C4	G3	T2	TP24	R3	
B-269	GGTACATCGGTT	B	760_806R-361	760	806R-361	C4-G3-T3-TP24-R3	C4	G3	T3	TP24	R3	
B-284	CCTAAGCACATG	B	761_806R-369	761	806R-369	C4-G3-T4-TP24-R3	C4	G3	T4	TP24	R3	
A-204	GAGAGAATGATC	A	762_806R-290	762	806R-290	C5-G3-T1-TP24-R3	C5	G3	T1	TP24	R3	
B-285	CTATACCACGGA	B	763_806R-377	763	806R-377	C5-G3-T2-TP24-R3	C5	G3	T2	TP24	R3	
A-205	TCCCAACTTCGC	A	764_806R-298	764	806R-298	C5-G3-T3-TP24-R3	C5	G3	T3	TP24	R3	
B-220	AGTTAGTGCGTC	B	765_806R-306	765	806R-306	C5-G3-T4-TP24-R3	C5	G3	T4	TP24	R3	
B-231	GCCGAGATTGGT	B	766_806R-319	766	806R-319	ctrl_med_1_pool	ctrl_med_1_pool					
B-246	TGCTGCTTAACA	B	767_806R-327	767	806R-327	ctrl_med_2_pool	ctrl_med_2_pool					
B-247	CCATGGACACAG	B	768_806R-335	768	806R-335	ctrl_med_3_pool	ctrl_med_3_pool					
B-264	CGGACGTTCATA	B	769_806R-343	769	806R-343	ctrl_med_4_pool	ctrl_med_4_pool					
A-98	AGCTGGAAGTCC	A	770_806R-88	770	806R-88	ctrl_med_1	ctrl_med_1					
A-324	AGGTAGTCCTCA	A	771_806R-404	771	806R-404	ctrl_med_2	ctrl_med_2					
A-138	ATGGTTGTTGGC	A	772_806R-131	772	806R-131	ctrl_med_3	ctrl_med_3					
B-298	GTCTCATGTAGG	B	773_806R-376	773	806R-376	ctrl_med_4	ctrl_med_4					
A-8	ACACCTGGTGAT	A	EC_806R-4	EC_R1	806R-4	ctrl_EC_R1_pos_amp	ctrl_EC_R1_pos_amp					
A-355	GGTGCGTGTATG	A	EC_806R-442	EC_R2	806R-442	ctrl_EC_R2_pos_amp	ctrl_EC_R2_pos_amp					
B-488	AGAGGAGACCAA	B	EC_806R-563	EC_R3	806R-563	ctrl_EC_R3_pos_amp	ctrl_EC_R3_pos_amp					
B-569	TCTACGGAGAGC	B	EC_806R-127	EC_R4	806R-127	ctrl_EC_R4_pos_amp	ctrl_EC_R4_pos_amp					
A-52	GGCCACGTAGTA	A	Neg_806R-49	Neg_R1	806R-49	ctrl_neg_R1_amp	ctrl_neg_R1_amp					
A-354	CTACGACCATTA	A	Neg_806R-434	Neg_R2	806R-434	ctrl_neg_R2_amp	ctrl_neg_R2_amp					
B-489	TCGTTTCGGGAA	B	Neg_806R-571	Neg_R3	806R-571	ctrl_neg_R3_amp	ctrl_neg_R3_amp					
B-571	GGTCAGCTTAAC	B	Neg_806R-128	Neg_R4	806R-128	ctrl_neg_R4_amp	ctrl_neg_R4_amp					